rank,len_title,age,n_points,n_comments
scikit-learn,https://news.ycombinator.com/news?p=5,"22,777","14,119","1,092"
scikit-learn,https://news.ycombinator.com/news?p=5,"22,777","14,119","1,092"
scikit-learn,https://news.ycombinator.com/news?p=5,"22,777","14,119","1,092"
scikit-learn,https://news.ycombinator.com/news?p=5,"22,777","14,119","1,092"
scikit-learn,https://news.ycombinator.com/news?p=5,"22,777","14,119","1,092"
scikit-learn,https://news.ycombinator.com/news?p=5,"22,777","14,119","1,092"
scikit-learn,https://news.ycombinator.com/news?p=5,"22,777","14,119","1,092"
scikit-learn,https://news.ycombinator.com/news?p=5,"22,777","14,119","1,092"
scikit-learn,https://news.ycombinator.com/news?p=5,"22,777","14,119","1,092"
scikit-learn,https://news.ycombinator.com/news?p=5,"22,777","14,119","1,092"
scikit-learn,https://news.ycombinator.com/news?p=5,"22,777","14,119","1,092"
scikit-learn,https://news.ycombinator.com/news?p=5,"22,777","14,119","1,092"
scikit-learn,https://news.ycombinator.com/news?p=5,"22,777","14,119","1,092"
scikit-learn,https://news.ycombinator.com/news?p=5,"22,777","14,119","1,092"
scikit-learn,https://news.ycombinator.com/news?p=5,"22,777","14,119","1,092"
scikit-learn,https://news.ycombinator.com/news?p=5,"22,777","14,119","1,092"
scikit-learn,https://news.ycombinator.com/news?p=5,"22,777","14,119","1,092"
scikit-learn,https://news.ycombinator.com/news?p=5,"22,777","14,119","1,092"
scikit-learn,https://news.ycombinator.com/news?p=5,"22,777","14,119","1,092"
scikit-learn,https://news.ycombinator.com/news?p=5,"22,777","14,119","1,092"
scikit-learn,https://news.ycombinator.com/news?p=5,"22,777","14,119","1,092"
scikit-learn,https://news.ycombinator.com/news?p=5,"22,777","14,119","1,092"
scikit-learn,https://news.ycombinator.com/news?p=5,"22,777","14,119","1,092"
scikit-learn,https://news.ycombinator.com/news?p=5,"22,777","14,119","1,092"
scikit-learn,https://news.ycombinator.com/news?p=5,"22,777","14,119","1,092"
scikit-learn,https://news.ycombinator.com/news?p=5,"22,777","14,119","1,092"
scikit-learn,https://news.ycombinator.com/news?p=5,"22,777","14,119","1,092"
scikit-learn,https://news.ycombinator.com/news?p=5,"22,777","14,119","1,092"
scikit-learn,https://news.ycombinator.com/news?p=5,"22,777","14,119","1,092"
scikit-learn,https://news.ycombinator.com/news?p=5,"22,777","14,119","1,092"
scikit-learn,https://news.ycombinator.com/news?p=5,"22,777","14,119","1,092"
scikit-learn,https://news.ycombinator.com/news?p=5,"22,777","14,119","1,092"
scikit-learn,https://news.ycombinator.com/news?p=5,"22,777","14,119","1,092"
scikit-learn,https://news.ycombinator.com/news?p=5,"22,777","14,119","1,092"
scikit-learn,https://news.ycombinator.com/news?p=5,"22,777","14,119","1,092"
scikit-learn,https://news.ycombinator.com/news?p=5,"22,777","14,119","1,092"
scikit-learn,https://news.ycombinator.com/news?p=5,"22,777","14,119","1,092"
scikit-learn,https://news.ycombinator.com/news?p=5,"22,777","14,119","1,092"
scikit-learn,https://news.ycombinator.com/news?p=5,"22,777","14,119","1,092"
scikit-learn,https://news.ycombinator.com/news?p=5,"22,777","14,119","1,092"
scikit-learn,https://news.ycombinator.com/news?p=5,"22,777","14,119","1,092"
scikit-learn,https://news.ycombinator.com/news?p=5,"22,777","14,119","1,092"
scikit-learn,https://news.ycombinator.com/news?p=5,"22,777","14,119","1,092"
scikit-learn,https://news.ycombinator.com/news?p=5,"22,777","14,119","1,092"
scikit-learn,https://news.ycombinator.com/news?p=5,"22,777","14,119","1,092"
scikit-learn,https://news.ycombinator.com/news?p=5,"22,777","14,119","1,092"
scikit-learn,https://news.ycombinator.com/news?p=5,"22,777","14,119","1,092"
scikit-learn,https://news.ycombinator.com/news?p=5,"22,777","14,119","1,092"
scikit-learn,https://news.ycombinator.com/news?p=5,"22,777","14,119","1,092"
scikit-learn,https://news.ycombinator.com/news?p=5,"22,777","14,119","1,092"
scikit-learn,https://news.ycombinator.com/news?p=5,"22,777","14,119","1,092"
scikit-learn,https://news.ycombinator.com/news?p=5,"22,777","14,119","1,092"
scikit-learn,https://news.ycombinator.com/news?p=5,"22,777","14,119","1,092"
scikit-learn,https://news.ycombinator.com/news?p=5,"22,777","14,119","1,092"
scikit-learn,https://news.ycombinator.com/news?p=5,"22,777","14,119","1,092"
scikit-learn,https://news.ycombinator.com/news?p=5,"22,777","14,119","1,092"
scikit-learn,https://news.ycombinator.com/news?p=5,"22,777","14,119","1,092"
scikit-learn,https://news.ycombinator.com/news?p=5,"22,777","14,119","1,092"
scikit-learn,https://news.ycombinator.com/news?p=5,"22,777","14,119","1,092"
scikit-learn,https://news.ycombinator.com/news?p=5,"22,777","14,119","1,092"
scikit-learn,https://news.ycombinator.com/news?p=5,"22,777","14,119","1,092"
scikit-learn,https://news.ycombinator.com/news?p=5,"22,777","14,119","1,092"
scikit-learn,https://news.ycombinator.com/news?p=5,"22,777","14,119","1,092"
scikit-learn,https://news.ycombinator.com/news?p=5,"22,777","14,119","1,092"
scikit-learn,https://news.ycombinator.com/news?p=5,"22,777","14,119","1,092"
scikit-learn,https://news.ycombinator.com/news?p=5,"22,777","14,119","1,092"
scikit-learn,https://news.ycombinator.com/news?p=5,"22,777","14,119","1,092"
scikit-learn,https://news.ycombinator.com/news?p=5,"22,777","14,119","1,092"
scikit-learn,https://news.ycombinator.com/news?p=5,"22,777","14,119","1,092"
scikit-learn,https://news.ycombinator.com/news?p=5,"22,777","14,119","1,092"
scikit-learn,https://news.ycombinator.com/news?p=5,"22,777","14,119","1,092"
scikit-learn,https://news.ycombinator.com/news?p=5,"22,777","14,119","1,092"
scikit-learn,https://news.ycombinator.com/news?p=5,"22,777","14,119","1,092"
scikit-learn,https://news.ycombinator.com/news?p=5,"22,777","14,119","1,092"
scikit-learn,https://news.ycombinator.com/news?p=5,"22,777","14,119","1,092"
scikit-learn,https://news.ycombinator.com/news?p=5,"22,777","14,119","1,092"
scikit-learn,https://news.ycombinator.com/news?p=5,"22,777","14,119","1,092"
scikit-learn,https://news.ycombinator.com/news?p=5,"22,777","14,119","1,092"
scikit-learn,https://news.ycombinator.com/news?p=5,"22,777","14,119","1,092"
scikit-learn,https://news.ycombinator.com/news?p=5,"22,777","14,119","1,092"
scikit-learn,https://news.ycombinator.com/news?p=5,"22,777","14,119","1,092"
scikit-learn,https://news.ycombinator.com/news?p=5,"22,777","14,119","1,092"
scikit-learn,https://news.ycombinator.com/news?p=5,"22,777","14,119","1,092"
scikit-learn,https://news.ycombinator.com/news?p=5,"22,777","14,119","1,092"
scikit-learn,https://news.ycombinator.com/news?p=5,"22,777","14,119","1,092"
scikit-learn,https://news.ycombinator.com/news?p=5,"22,777","14,119","1,092"
scikit-learn,https://news.ycombinator.com/news?p=5,"22,777","14,119","1,092"
scikit-learn,https://news.ycombinator.com/news?p=5,"22,777","14,119","1,092"
scikit-learn,https://news.ycombinator.com/news?p=5,"22,777","14,119","1,092"
scikit-learn,https://news.ycombinator.com/news?p=5,"22,777","14,119","1,092"
scikit-learn,https://news.ycombinator.com/news?p=5,"22,777","14,119","1,092"
scikit-learn,https://news.ycombinator.com/news?p=5,"22,777","14,119","1,092"
scikit-learn,https://news.ycombinator.com/news?p=5,"22,777","14,119","1,092"
scikit-learn,https://news.ycombinator.com/news?p=5,"22,777","14,119","1,092"
scikit-learn,https://news.ycombinator.com/news?p=5,"22,777","14,119","1,092"
scikit-learn,https://news.ycombinator.com/news?p=5,"22,777","14,119","1,092"
scikit-learn,https://news.ycombinator.com/news?p=5,"22,777","14,119","1,092"
scikit-learn,https://news.ycombinator.com/news?p=5,"22,777","14,119","1,092"
scikit-learn,https://news.ycombinator.com/news?p=5,"22,777","14,119","1,092"
scikit-learn,https://news.ycombinator.com/news?p=5,"22,777","14,119","1,092"
scikit-learn,https://news.ycombinator.com/news?p=5,"22,777","14,119","1,092"
scikit-learn,https://news.ycombinator.com/news?p=5,"22,777","14,119","1,092"
scikit-learn,https://news.ycombinator.com/news?p=5,"22,777","14,119","1,092"
scikit-learn,https://news.ycombinator.com/news?p=5,"22,777","14,119","1,092"
scikit-learn,https://news.ycombinator.com/news?p=5,"22,777","14,119","1,092"
scikit-learn,https://news.ycombinator.com/news?p=5,"22,777","14,119","1,092"
scikit-learn,https://news.ycombinator.com/news?p=5,"22,777","14,119","1,092"
scikit-learn,https://news.ycombinator.com/news?p=5,"22,777","14,119","1,092"
scikit-learn,https://news.ycombinator.com/news?p=5,"22,777","14,119","1,092"
scikit-learn,https://news.ycombinator.com/news?p=5,"22,777","14,119","1,092"
scikit-learn,https://news.ycombinator.com/news?p=5,"22,777","14,119","1,092"
scikit-learn,https://news.ycombinator.com/news?p=5,"22,777","14,119","1,092"
scikit-learn,https://news.ycombinator.com/news?p=5,"22,777","14,119","1,092"
scikit-learn,https://news.ycombinator.com/news?p=5,"22,777","14,119","1,092"
scikit-learn,https://news.ycombinator.com/news?p=5,"22,777","14,119","1,092"
scikit-learn,https://news.ycombinator.com/news?p=5,"22,777","14,119","1,092"
scikit-learn,https://news.ycombinator.com/news?p=5,"22,777","14,119","1,092"
scikit-learn,https://news.ycombinator.com/news?p=5,"22,777","14,119","1,092"
scikit-learn,https://news.ycombinator.com/news?p=5,"22,777","14,119","1,092"
scikit-learn,https://news.ycombinator.com/news?p=5,"22,777","14,119","1,092"
scikit-learn,https://news.ycombinator.com/news?p=5,"22,777","14,119","1,092"
scikit-learn,https://news.ycombinator.com/news?p=5,"22,777","14,119","1,092"
scikit-learn,https://news.ycombinator.com/news?p=5,"22,777","14,119","1,092"
scikit-learn,https://news.ycombinator.com/news?p=5,"22,777","14,119","1,092"
scikit-learn,https://news.ycombinator.com/news?p=5,"22,777","14,119","1,092"
scikit-learn,https://news.ycombinator.com/news?p=5,"22,777","14,119","1,092"
scikit-learn,https://news.ycombinator.com/news?p=5,"22,777","14,119","1,092"
scikit-learn,https://news.ycombinator.com/news?p=5,"22,777","14,119","1,092"
scikit-learn,https://news.ycombinator.com/news?p=5,"22,777","14,119","1,092"
scikit-learn,https://news.ycombinator.com/news?p=5,"22,777","14,119","1,092"
scikit-learn,https://news.ycombinator.com/news?p=5,"22,777","14,119","1,092"
scikit-learn,https://news.ycombinator.com/news?p=5,"22,777","14,119","1,092"
scikit-learn,https://news.ycombinator.com/news?p=5,"22,777","14,119","1,092"
scikit-learn,https://news.ycombinator.com/news?p=5,"22,777","14,119","1,092"
scikit-learn,https://news.ycombinator.com/news?p=5,"22,777","14,119","1,092"
scikit-learn,https://news.ycombinator.com/news?p=5,"22,777","14,119","1,092"
scikit-learn,https://news.ycombinator.com/news?p=5,"22,777","14,119","1,092"
scikit-learn,https://news.ycombinator.com/news?p=5,"22,777","14,119","1,092"
scikit-learn,https://news.ycombinator.com/news?p=5,"22,777","14,119","1,092"
scikit-learn,https://news.ycombinator.com/news?p=5,"22,777","14,119","1,092"
scikit-learn,https://news.ycombinator.com/news?p=5,"22,777","14,119","1,092"
scikit-learn,https://news.ycombinator.com/news?p=5,"22,777","14,119","1,092"
scikit-learn,https://news.ycombinator.com/news?p=5,"22,777","14,119","1,092"
scikit-learn,https://news.ycombinator.com/news?p=5,"22,777","14,119","1,092"
scikit-learn,https://news.ycombinator.com/news?p=5,"22,777","14,119","1,092"
scikit-learn,https://news.ycombinator.com/news?p=5,"22,777","14,119","1,092"
scikit-learn,https://news.ycombinator.com/news?p=5,"22,777","14,119","1,092"
scikit-learn,https://news.ycombinator.com/news?p=5,"22,777","14,119","1,092"
scikit-learn,https://news.ycombinator.com/news?p=5,"22,777","14,119","1,092"
scikit-learn,https://news.ycombinator.com/news?p=5,"22,777","14,119","1,092"
